nom,url,tipus,estat,color_camisa,codi_color,color_hsv/0,color_hsv/1,color_hsv/2,fundacio,desaparicio,refundacio,color_rgb/0,color_rgb/1,color_rgb/2,color_hsl/0,color_hsl/1,color_hsl/2,web,localitat,escut,patro,codi_color2
Al·lots de Llevant,https://ca.wikipedia.org/wiki/Al%C2%B7lots_de_Llevant,convencional,activa,Verd fosc,#2e8785,179,66,53,1997,,,46,135,133,178.7,49.2,35.5,al-lotsdellevant.cat,Manacor,https://upload.wikimedia.org/wikipedia/ca/thumb/d/db/Logo_AdL.JPG/51px-Logo_AdL.JPG,,
Bordegassos de Vilanova,https://ca.wikipedia.org/wiki/Bordegassos_de_Vilanova,convencional,activa,Groc terrós,#fdc402,46,99,99,1972,,,253,196,2,46.4,98.4,50,bordegassos.cat,Vilanova i la Geltrú,,,
Brivalls de Cornudella,https://ca.wikipedia.org/wiki/Brivalls_de_Cornudella,convencional,activa,Blau marí,#2f317c,238,62,49,"1976-1985, 2012",1985,2012,47,49,124,238.4,45,33.5,brivalls.cat,Cornudella de Montsant,,,
Capgrossos de Mataró,https://ca.wikipedia.org/wiki/Capgrossos_de_Matar%C3%B3,convencional,activa,Blau marí,#20418b,221,77,55,1996,,,32,65,139,221.5,62.6,33.5,capgrossos.cat,Mataró,,,
Carallots de Sant Vicenç dels Horts,https://ca.wikipedia.org/wiki/Carallots_de_Sant_Vicen%C3%A7_dels_Horts,convencional,activa,Taronja,#ed7715,27,91,93,2012,,,237,119,21,27.2,85.7,50.6,carallots.cat,Sant Vicenç dels Horts,https://upload.wikimedia.org/wikipedia/commons/thumb/5/5a/Escut_dels_Carallots_de_Sant_Vicen%C3%A7_dels_Horts.jpg/140px-Escut_dels_Carallots_de_Sant_Vicen%C3%A7_dels_Horts.jpg,,
Castellers d'Altafulla,https://ca.wikipedia.org/wiki/Castellers_d%27Altafulla,convencional,activa,Lila,#6f3a88,281,57,53,"1973-1988, 1995",1988,1995,111,58,136,280.8,40.2,38,castellersaltafulla.cat,Altafulla,,,
Castellers d'Andorra,https://ca.wikipedia.org/wiki/Castellers_d%27Andorra,convencional,activa,Bordeus,#721e35,344,74,45,2014,,,114,30,53,343.6,58.3,28.2,castellersandorra.com,Santa Coloma d'Andorra,https://upload.wikimedia.org/wikipedia/ca/thumb/0/01/Castellersandorra.png/140px-Castellersandorra.png,,
Castellers d'Esparreguera,https://ca.wikipedia.org/wiki/Castellers_d%27Esparreguera,convencional,activa,Bordeus,#9f161d,357,86,62,1994,,,159,22,29,356.9,75.7,35.5,castellersdesparreguera.cat,Esparreguera,https://upload.wikimedia.org/wikipedia/ca/thumb/3/32/Esparraguera_logo.jpg/89px-Esparraguera_logo.jpg,,
Castellers de Badalona,https://ca.wikipedia.org/wiki/Castellers_de_Badalona,convencional,activa,Micaco (nespre),#fbbe49,39,71,98,1996,,,251,190,73,39.4,95.7,63.5,castellersdebadalona.cat,Badalona,https://upload.wikimedia.org/wikipedia/commons/thumb/4/47/Escut_micacos.jpg/131px-Escut_micacos.jpg,,
Castellers de Barcelona,https://ca.wikipedia.org/wiki/Castellers_de_Barcelona,convencional,activa,Vermell,#D9001D,352,100,85,1969,,,217,0,29,352,100,42.5,castellersdebarcelona.cat,Barcelona,https://upload.wikimedia.org/wikipedia/commons/thumb/d/da/Escut_actual_dels_Castellers_de_Barcelona.svg/104px-Escut_actual_dels_Castellers_de_Barcelona.svg.png,,
Castellers de Berga,https://ca.wikipedia.org/wiki/Castellers_de_Berga,convencional,activa,Blau fosc,#3e497f,230,51,50,2012,,,62,73,127,229.8,34.4,37.1,castellersdeberga.cat,Berga,https://upload.wikimedia.org/wikipedia/commons/thumb/1/15/Escut_camisa_castellers_de_Berga.jpg/75px-Escut_camisa_castellers_de_Berga.jpg,,
Castellers de Caldes de Montbui,https://ca.wikipedia.org/wiki/Castellers_de_Caldes_de_Montbui,convencional,activa,Verd ampolla,#026061,181,98,38,1996,,,2,96,97,180.6,96,19.4,castellersdecaldes.cat,Caldes de Montbui,,,
Castellers de Castellar del Vallès,https://ca.wikipedia.org/wiki/Castellers_de_Castellar_del_Vall%C3%A8s,convencional,activa,Bordeus,#88171a,358,83,53,2013,,,136,23,26,358.4,71.1,31.2,capgirats.cat,Castellar del Vallès,,,
Castellers de Castelldefels,https://ca.wikipedia.org/wiki/Castellers_de_Castelldefels,convencional,activa,Groc,#e5d01e,54,87,90,1981,,,229,208,30,53.7,79.3,50.8,elsgrocs.cat,Castelldefels,https://upload.wikimedia.org/wikipedia/ca/thumb/4/48/Escut-castellers-castelldefels.png/140px-Escut-castellers-castelldefels.png,,
Castellers de Cerdanyola,https://ca.wikipedia.org/wiki/Castellers_de_Cerdanyola,convencional,activa,Verd,#33a28a,167,69,64,1998,,,51,162,138,167,52.1,41.8,castellersdecerdanyola.cat,Cerdanyola del Vallès,https://upload.wikimedia.org/wikipedia/commons/thumb/b/b5/Escut_dels_Castellers_de_Cerdanyola_camisa.jpg/135px-Escut_dels_Castellers_de_Cerdanyola_camisa.jpg,,
Castellers de Cornellà,https://ca.wikipedia.org/wiki/Castellers_de_Cornell%C3%A0,convencional,activa,Lila,#58167d,278,82,49,1991,,,88,22,125,278.4,70.1,28.8,www.castellersdecornella.com,Cornellà de Llobregat,,,
Castellers de l'Alt Maresme,https://ca.wikipedia.org/wiki/Castellers_de_l%27Alt_Maresme,convencional,activa,Vermell maduixa,#ea1033,350,93,92,2013,,,234,16,51,350.4,87.2,49,castellersaltmaresme.cat,Pineda de Mar,,,
Colla Castellera de l'Esquerra de l'Eixample,https://ca.wikipedia.org/wiki/Colla_Castellera_de_l%27Esquerra_de_l%27Eixample,convencional,activa,Lila,#91409f,291,60,62,2018,,,145,64,159,291.2,42.6,43.7,https://esquerdats.cat,Barcelona (Esquerra de l'Eixample),,,
Castellers de la Sagrada Família,https://ca.wikipedia.org/wiki/Castellers_de_la_Sagrada_Fam%C3%ADlia,convencional,activa,Verd,#18bc9c,168,87,74,2002,,,24,188,156,168.3,77.4,41.6,castellerssagradafamilia.cat,Barcelona (Sagrada Família),,,
Castellers de la Vila de Gràcia,https://ca.wikipedia.org/wiki/Castellers_de_la_Vila_de_Gr%C3%A0cia,convencional,activa,Blau marí,#003e97,215,100,59,1996,,,0,62,151,215.4,100,29.6,cvg.cat,Barcelona (Vila de Gràcia),,,
Castellers de les Roquetes,https://ca.wikipedia.org/wiki/Castellers_de_les_Roquetes,convencional,activa,Gris,#7f828b,225,9,55,2011,,,127,130,139,225,4.9,52.2,,Sant Pere de Ribes (Les Roquetes),,,
Castellers de Lleida,https://ca.wikipedia.org/wiki/Castellers_de_Lleida,convencional,activa,Bordeus,#8b1733,346,83,55,1995,,,139,23,51,345.5,71.6,31.8,castellersdelleida.cat,Lleida,,,
Castellers de Mallorca,https://ca.wikipedia.org/wiki/Castellers_de_Mallorca,convencional,activa,Grana,#911305,6,97,57,1995,,,145,19,5,6,93.3,29.4,castellersdemallorca.com,Palma,,,
Castellers de Mediona,https://ca.wikipedia.org/wiki/Castellers_de_Mediona,convencional,activa,Blau texà,#0967a5,204,95,65,2017,,,9,103,165,203.8,89.7,34.1,castellersdemediona.cat,Mediona,,,
Castellers de Mollet,https://ca.wikipedia.org/wiki/Castellers_de_Mollet,convencional,activa,Verd claret,#91d6ac,143,32,84,1992,,,145,214,172,143.5,45.7,70.4,castellersdemollet.cat,Mollet del Vallès,,,
Castellers de Montcada i Reixac,https://ca.wikipedia.org/wiki/Castellers_de_Montcada_i_Reixac,convencional,activa,Teula,#c80d0f,359,94,78,"1991-1998, 2013",1998,2013[3],200,13,15,359.4,87.8,41.8,castellersdemontcadaireixac.cat,Montcada i Reixac,,,
Castellers de Rubí,https://ca.wikipedia.org/wiki/Castellers_de_Rub%C3%AD,convencional,activa,Vermell,#de1022,355,93,87,1996,,,222,16,34,354.8,86.6,46.7,castellersderubi.cat,Rubí,,,
Castellers de Sabadell,https://ca.wikipedia.org/wiki/Castellers_de_Sabadell,convencional,activa,Verd,#016354,171,99,39,1994,,,1,99,84,170.8,98,19.6,www.saballuts.cat,Sabadell,,,
Castellers de Sant Cugat,https://ca.wikipedia.org/wiki/Castellers_de_Sant_Cugat,convencional,activa,Verd Collserola,#005c41,162,100,36,1996,,,0,92,65,162.4,100,18,castellersdesantcugat.cat,Sant Cugat del Vallès,,,
Castellers de Sant Feliu,https://ca.wikipedia.org/wiki/Castellers_de_Sant_Feliu,convencional,activa,Magenta,#db2d86,329,79,86,1996,,,219,45,134,329.3,70.7,51.8,castellersdesantfeliu.cat,Sant Feliu de Llobregat,,,
Castellers de Santa Coloma,https://ca.wikipedia.org/wiki/Castellers_de_Santa_Coloma,convencional,activa,Blau cel,#38b6ff,202,78,100,1992,,,56,182,255,202,100,61,castellersdesantacoloma.cat/,Santa Coloma de Gramenet,,,
Castellers de Santpedor,https://ca.wikipedia.org/wiki/Castellers_de_Santpedor,convencional,activa,Daurat,#e1ae04,46,98,88,2013,,,225,174,4,46.2,96.5,44.9,castellersdesantpedor.cat,Santpedor,,,
Castellers de Sants,https://ca.wikipedia.org/wiki/Castellers_de_Sants,convencional,activa,Gris brut,#7e7e7e,0,0,49,1993,,,126,126,126,0,0,49.4,borinots.cat,Barcelona (Sants),,,
Castellers de Terrassa,https://ca.wikipedia.org/wiki/Castellers_de_Terrassa,convencional,activa,Blau turquesa,#00b8e5,192,100,90,(not found),,,0,184,229,191.8,100,44.9,castellersdeterrassa.cat,(not found),(not found),,
Castellers de Viladecans,https://ca.wikipedia.org/wiki/Castellers_de_Viladecans,convencional,activa,Verd clar,#a8e71e,79,87,91,2013,,,168,231,30,78.8,80.7,51.2,castellersdeviladecans.blogspot.com,Viladecans,,,
Castellers de Vilafranca,https://ca.wikipedia.org/wiki/Castellers_de_Vilafranca,convencional,activa,Verd,#00cc99,165,100,80,(not found),,,0,204,153,165,100,40,castellersdevilafranca.cat,(not found),(not found),,
Castellers del Poble Sec,https://ca.wikipedia.org/wiki/Castellers_del_Poble_Sec,convencional,activa,Blau cel,#9aceff,209,40,100,(not found),,,154,206,255,209.1,100,80.2,castellersdelpoblesec.cat,(not found),(not found),,
Castellers del Prat de Llobregat,https://ca.wikipedia.org/wiki/Castellers_del_Prat_de_Llobregat,convencional,activa,Blau pota blava,#536aae,225,52,68,(not found),,,83,106,174,224.8,36,50.4,castellersdelprat.cat,(not found),(not found),,
Castellers del Riberal,https://ca.wikipedia.org/wiki/Castellers_del_Riberal,convencional,activa,Verd,#4d9a64,138,50,60,(not found),,,77,154,100,137.9,33.3,45.3,http://www.airenou.cat,(not found),(not found),,
Colla Castellera de Figueres,https://ca.wikipedia.org/wiki/Colla_Castellera_de_Figueres,convencional,activa,Lila vi empordanès,#5f3b79,275,51,47,(not found),,,95,59,121,274.8,34.4,35.3,http://www.castellersdefigueres.cat,(not found),(not found),,
Colla Castellera de Sant Pere i Sant Pau,https://ca.wikipedia.org/wiki/Colla_Castellera_de_Sant_Pere_i_Sant_Pau,convencional,activa,Verd,#00bda2,171,100,74,(not found),,,0,189,162,171.4,100,37.1,www.ccspisp.cat,(not found),(not found),,
Colla Castellera Jove de Barcelona,https://ca.wikipedia.org/wiki/Colla_Castellera_Jove_de_Barcelona,convencional,activa,Grana,#700d17,354,88,44,(not found),,,112,13,23,353.9,79.2,24.5,www.jovedebarcelona.cat,(not found),(not found),,
Colla de Castellers d'Esplugues,https://ca.wikipedia.org/wiki/Colla_de_Castellers_d%27Esplugues,convencional,activa,Blau elèctric,#10549b,211,90,61,1994,,,16,84,155,210.6,81.3,33.5,cargolins.cat,,,,
Colla Jove de Castellers de Sitges,https://ca.wikipedia.org/wiki/Colla_Jove_de_Castellers_de_Sitges,convencional,activa,Vi - burdeus,#532033,338,61,33,(not found),,,83,32,51,337.6,44.3,22.5,jove-de-sitges.mailchimpsites.com/,(not found),(not found),,
Colla Jove de l'Hospitalet,https://ca.wikipedia.org/wiki/Colla_Jove_de_l%27Hospitalet,convencional,activa,Verd carxofa,#013624,160,98,21,(not found),,,1,54,36,159.6,96.4,10.8,www.collajovelh.cat,(not found),(not found),,
Colla Jove Xiquets de Tarragona,https://ca.wikipedia.org/wiki/Colla_Jove_Xiquets_de_Tarragona,convencional,activa,Lila,#b588f2,265,44,95,(not found),,,181,136,242,265.5,80.3,74.1,jovedetarragona.cat,(not found),(not found),,
Colla Jove Xiquets de Vilafranca,https://ca.wikipedia.org/wiki/Colla_Jove_Xiquets_de_Vilafranca,convencional,activa,Blau Oxford,#cfd6f0,227,14,94,2010,,,207,214,240,227.3,52.4,87.6,jovedevilafranca.org,Vilafranca del Penedès,,,
Colla Joves Xiquets de Valls,https://ca.wikipedia.org/wiki/Colla_Joves_Xiquets_de_Valls,convencional,activa,Vermell,#d71418,359,91,84,(not found),,1971 (reorganització),215,20,24,358.8,83,46.1,collajoves.cat,(not found),(not found),,
Colla Vella dels Xiquets de Valls,https://ca.wikipedia.org/wiki/Colla_Vella_dels_Xiquets_de_Valls,convencional,activa,Rosa,#d77577,359,46,84,(not found),,,215,117,119,358.8,55.1,65.1,collavella.cat,(not found),(not found),,
Encantats de Begues,https://ca.wikipedia.org/wiki/Encantats_de_Begues,convencional,activa,Verd ampolla,#048224,135,97,51,2012,,,4,130,36,135.2,94,26.3,elsencantats.blogspot.com.es,,,,
Esperxats de l'Estany,https://ca.wikipedia.org/wiki/Esperxats_de_l%27Estany,convencional,activa,Blau-verd,#218a87,178,76,54,2012,,,33,138,135,178.3,61.4,33.5,ccesperxats.cat,,,,
Margeners de Guissona,https://ca.wikipedia.org/wiki/Margeners_de_Guissona,convencional,activa,Marró (terra mullada),#794a2e,22,62,47,(not found),,,121,74,46,22.4,44.9,32.7,margeners.cat,(not found),(not found),,
Marrecs de Salt,https://ca.wikipedia.org/wiki/Marrecs_de_Salt,convencional,activa,Blau Ter,#6f93ce,217,46,81,(not found),,,111,147,206,217.3,49.2,62.2,marrecs.cat,(not found),(not found),,
Matossers de Molins de Rei,https://ca.wikipedia.org/wiki/Matossers_de_Molins_de_Rei,convencional,activa,Marró argila,#8f5a24,30,75,56,(not found),,,143,90,36,30.3,59.8,35.1,www.matossers.cat,(not found),(not found),,
Minyons de l'Arboç,https://ca.wikipedia.org/wiki/Minyons_de_l%27Arbo%C3%A7,convencional,activa,Vermell,#d90e21,354,94,85,(not found),1985,2002,217,14,33,354.4,87.9,45.3,minyonsdelarboc.cat,(not found),(not found),,
Minyons de Santa Cristina,https://ca.wikipedia.org/wiki/Minyons_de_Santa_Cristina,convencional,activa,Verd poma,#8fbf2d,80,76,75,(not found),,,143,191,45,79.7,61.9,46.3,minyonsdesantacristina.cat,(not found),(not found),,
Minyons de Terrassa,https://ca.wikipedia.org/wiki/Minyons_de_Terrassa,convencional,activa,Malva,#ceaad4,291,20,83,(not found),,,206,170,212,291.4,32.8,74.9,minyons.cat,(not found),(not found),,
Moixiganguers d'Igualada,https://ca.wikipedia.org/wiki/Moixiganguers_d%27Igualada,convencional,activa,Morat,#8f3189,304,66,56,(not found),,,143,49,137,303.8,49,37.6,moixiganguers.cat,(not found),(not found),,
Nens del Vendrell,https://ca.wikipedia.org/wiki/Nens_del_Vendrell,convencional,activa,Vermella,#c43022,5,83,77,(not found),,,196,48,34,5.2,70.4,45.1,nensdelvendrell.cat,(not found),(not found),,
Nois de la Torre,https://ca.wikipedia.org/wiki/Nois_de_la_Torre,convencional,activa,Blau cel,#5e96c5,207,52,77,(not found),,,94,150,197,207.4,47,57.1,http://noisdelatorre.cat,(not found),(not found),,
Pallagos del Conflent,https://ca.wikipedia.org/wiki/Pallagos_del_Conflent,convencional,activa,Granat,#891b3e,341,80,54,2012,,,137,27,62,340.9,67.1,32.2,pallagos.com,Prada,//upload.wikimedia.org/wikipedia/ca/thumb/5/5f/Pallagos.jpeg/113px-Pallagos.jpeg,,
Sagals d'Osona,https://ca.wikipedia.org/wiki/Sagals_d%27Osona,convencional,activa,Carbassa,#f36300,24,100,95,(not found),,,243,99,0,24.4,100,47.6,www.sagals.cat,(not found),(not found),,
Salats de Súria,https://ca.wikipedia.org/wiki/Salats_de_S%C3%BAria,convencional,activa,Potassa (salmó rosat),#eea78e,16,40,93,(not found),,,238,167,142,15.6,73.8,74.5,www.salats.cat,(not found),(not found),,
Tirallongues de Manresa,https://ca.wikipedia.org/wiki/Tirallongues_de_Manresa,convencional,activa,Blau i blanc (ratllada),#8aade4,217,39,89,(not found),,,138,173,228,216.7,62.5,71.8,tirallongues.cat,(not found),(not found),tirallongues.svg,
Torraires de Montblanc,https://ca.wikipedia.org/wiki/Torraires_de_Montblanc,convencional,activa,Grana,#9a0000,0,100,60,(not found),1920,1994,154,0,0,0,100,30.2,torraires.net,(not found),(not found),,
Xerrics d'Olot,https://ca.wikipedia.org/wiki/Xerrics_d%27Olot,convencional,activa,Grana,#aa2828,0,76,67,(not found),,,170,40,40,0,61.9,41.2,xerrics.cat,(not found),(not found),,
Xicots de Vilafranca,https://ca.wikipedia.org/wiki/Xicots_de_Vilafranca,convencional,activa,Vermell,#d71317,359,91,84,(not found),,,215,19,23,358.8,83.8,45.9,xicotsvilafranca.cat,(not found),(not found),,
Xics de Granollers,https://ca.wikipedia.org/wiki/Xics_de_Granollers,convencional,activa,Grana,#631046,321,84,39,(not found),,,99,16,70,321,72.2,22.5,xics.cat,(not found),(not found),,
Xiqüelos i Xiqüeles del Delta,https://ca.wikipedia.org/wiki/Xiq%C3%BCelos_i_Xiq%C3%BCeles_del_Delta,convencional,activa,Blau Delta,#2b72c4,212,78,77,2013,,,43,114,196,212.2,64,46.9,xiquelosixiquelesdeldelta.cat,"Amposta, Deltebre",//upload.wikimedia.org/wikipedia/ca/thumb/5/53/Xiquelos_logo.jpeg/140px-Xiquelos_logo.jpeg,,
Xiquets de Cambrils,https://ca.wikipedia.org/wiki/Xiquets_de_Cambrils,convencional,activa,Bordeus,#781d1c,1,77,47,"1993-2002, 2013",2001,2013,120,29,28,0.7,62.2,29,xiquetsdecambrils.cat,Cambrils,//upload.wikimedia.org/wikipedia/commons/thumb/6/6d/Escut_Xiquets_de_Cambrils.png/126px-Escut_Xiquets_de_Cambrils.png,,
Xiquets de Reus,https://ca.wikipedia.org/wiki/Xiquets_de_Reus,convencional,activa,Marró avellana,#a85c17,29,86,66,(not found),,,168,92,23,28.6,75.9,37.5,xiquetsdereus.cat,(not found),(not found),,
Xiquets de Tarragona,https://ca.wikipedia.org/wiki/Xiquets_de_Tarragona,convencional,activa,Vermell i blanc a ratlles,#a23047,348,70,64,(not found),,,162,48,71,347.9,54.3,41.2,xiquetsdetarragona.cat,(not found),(not found),xiquetstarragona.svg,
Xiquets de Vila-seca,https://ca.wikipedia.org/wiki/Xiquets_de_Vila-seca,convencional,activa,Blau cel,#00ccff,192,100,100,"1991-1997, 2013",,,0,204,255,192,100,50,www.xiquetsdevila-seca.cat,Vila-seca,,,
Xiquets del Serrallo,https://ca.wikipedia.org/wiki/Xiquets_del_Serrallo,convencional,activa,Blau marí,#253271,230,67,44,(not found),,,37,50,113,229.7,50.7,29.4,xiquetsdelserrallo.cat,(not found),(not found),,
Castellers de Gavà,https://ca.wikipedia.org/wiki/Castellers_de_Gav%C3%A0,convencional,activa,Blau,#144998,216,87,60,"1994-2004, 2013",2004,2012,20,73,152,215.9,76.7,33.7,,Gavà,//upload.wikimedia.org/wikipedia/ca/thumb/9/92/Logo_gava.jpg/110px-Logo_gava.jpg,,
Castellers de Sant Adrià,https://ca.wikipedia.org/wiki/Castellers_de_Sant_Adri%C3%A0,convencional,activa,Bordeus,#9a1940,342,84,60,2013,,,154,25,64,341.9,72.1,35.1,passadors.wordpress.com,Sant Adrià de Besòs,,,
Castellers de Tortosa,https://ca.wikipedia.org/wiki/Castellers_de_Tortosa,convencional,activa,Grana,#75262c,355,68,46,2015,,,117,38,44,355.4,51,30.4,,Tortosa,,,
Colla Castellera La Bisbal del Penedès,https://ca.wikipedia.org/wiki/Colla_Castellera_La_Bisbal_del_Pened%C3%A8s,convencional,activa,Taronja,#ff8000,30,100,100,2015,,,255,128,0,30.1,100,50,bousbisbal.wordpress.com,La Bisbal del Penedès,,,
Laietans de Gramenet,https://ca.wikipedia.org/wiki/Laietans_de_Gramenet,convencional,activa,Verd gram,#0b8e36,140,92,56,2013,,,11,142,54,139.7,85.6,30,laietansdegramenet.cat,,,,
Manyacs de Parets,https://ca.wikipedia.org/wiki/Manyacs_de_Parets,convencional,activa,Morat intens,#5a1484,278,85,52,2015,,,90,20,132,277.5,73.7,29.8,manyacs.cat,,,,
Vailets de Gelida,https://ca.wikipedia.org/wiki/Vailets_de_Gelida,convencional,activa,Verd poma,#cbffbd,107,26,100,1985,2000,2011,203,255,189,107.3,100,87.1,vailetsdegelida.blogspot.com.es,,,,
Castellers de Sarrià,https://ca.wikipedia.org/wiki/Castellers_de_Sarri%C3%A0,convencional,activa,Carmesí,#592733,346,56,35,12 octubre 1999,9 octubre 2005,8 novembre 2016,89,39,51,345.6,39.1,25.1,www.castellersdesarria.cat/,,,,
Castellers de l'Adroc,https://ca.wikipedia.org/wiki/Castellers_de_l%27Adroc,convencional,activa,Quadres negres i liles,#660d81,286,90,51,Desconegut,,,102,13,129,286,81.7,27.8,,,,adroc.svg,
Malfargats de Pallars,https://ca.wikipedia.org/w/index.php?title=Malfargats_de_Pallars&action=edit&redlink=1,convencional,formacio,Groc,#ffdc55,48,67,100,2018,,,255,220,85,47.6,100,66.7,,"Sort, la Pobla de Segur",,,
Xiquets de Torredembarra,Nul,convencional,formacio,Ratllada blanc i blava,#1f4590,220,78,56,2018,,,31,69,144,219.8,64.6,34.3,,Torredembarra,,,
Colla Castellera de Cerdanya,https://ca.wikipedia.org/wiki/Colla_Castellera_de_Cerdanya,convencional,formacio,Verd turquesa,#087d83,183,94,51,2018,,,8,125,131,182.9,88.5,27.3,,La Tor de Querol,,,
Castellers de la Selva,https://ca.wikipedia.org/wiki/Castellers_de_la_Selva,convencional,formacio,Taronja guilla,#db2d22,4,84,86,2018,,,219,45,34,3.6,73.1,49.6,,Santa Coloma de Farners,,,
Colla Castellera de Vacarisses,https://ca.wikipedia.org/w/index.php?title=Colla_Castellera_de_Vacarisses&action=edit&redlink=1,convencional,formacio,Argila,#d82d01,12,100,85,Desconegut,,,216,45,1,12.3,99.1,42.5,,,,,
Castellers del Foix de Cubelles,https://ca.wikipedia.org/wiki/Castellers_del_Foix_de_Cubelles,convencional,formacio,Blau turquesa,#0078ac,198,100,67,2019,,,0,120,172,198.1,100,33.7,,,,,
Colla Castellera del Baix Montseny,https://ca.wikipedia.org/wiki/Colla_Castellera_del_Baix_Montseny,convencional,formacio,Blau turquesa fosc,#03989f,183,98,62,2019,,,3,152,159,182.7,96.3,31.8,,,,,
Castellers de Granollers,https://ca.wikipedia.org/w/index.php?title=Castellers_de_Granollers&action=edit&redlink=1,convencional,desapareguda,Blau Fort,#ffffff,0,0,100,Desconegut,,,255,255,255,0,0,100,,,,,
Ses Talaies de Formentera,https://ca.wikipedia.org/wiki/Ses_Talaies_de_Formentera,convencional,desapareguda,Groc blat,#fdc402,46,99,99,2009,,,253,196,2,46.4,98.4,50,www.sestalaies.cat,,,,
Angelets del Vallespir,https://ca.wikipedia.org/wiki/Angelets_del_Vallespir,convencional,desapareguda,Blau cel,#3a71e8,221,75,91,"2001, Sant Joan de Pladecorts",2019,,58,113,232,221,79.1,56.9,,,,,
Castellers de Solsona,https://ca.wikipedia.org/wiki/Castellers_de_Solsona,convencional,desapareguda,Groc,#ffe200,53,100,100,"2010, Solsona",2016,,255,226,0,53.2,100,50,,,,,
Castellers de la Roca,https://ca.wikipedia.org/wiki/Castellers_de_la_Roca,convencional,desapareguda,Vermell,#ffffff,0,0,100,1974,1980,,255,255,255,0,0,100,,,,,
Castellers de l'Albera,https://ca.wikipedia.org/wiki/Castellers_de_l%27Albera,convencional,desapareguda,Taronja carbassa,#f19200,36,100,95,1995,2002,,241,146,0,36.3,100,47.3,,,,,
Castellers de les Gavarres,https://ca.wikipedia.org/wiki/Castellers_de_les_Gavarres,convencional,desapareguda,Marró suro,#ae8c70,27,36,68,2015,2022,,174,140,112,27.1,27.7,56.1,,,,,
Castellers de l'Hospitalet,https://ca.wikipedia.org/wiki/Castellers_de_l%27Hospitalet,convencional,desapareguda,Marró teula,#a36930,30,71,64,1996,2005,,163,105,48,29.7,54.5,41.4,,,,,
Castellers de Martorell,https://ca.wikipedia.org/w/index.php?title=Castellers_de_Martorell&action=edit&redlink=1,convencional,desapareguda,Lila,#ffffff,0,0,100,Desconegut,,,255,255,255,0,0,100,,,,,
Castellers de Montmeló,https://ca.wikipedia.org/w/index.php?title=Castellers_de_Montmel%C3%B3&action=edit&redlink=1,convencional,desapareguda,Blau fort,#ffffff,0,0,100,Desconegut,,,255,255,255,0,0,100,,,,,
Castellers de Ribes,https://ca.wikipedia.org/wiki/Castellers_de_Ribes,convencional,desapareguda,Terra,#ffffff,0,0,100,1981,1985,,255,255,255,0,0,100,,,,,
Castellers de Sant Andreu de la Barca,https://ca.wikipedia.org/wiki/Castellers_de_Sant_Andreu_de_la_Barca,convencional,desapareguda,Negre,#242424,0,0,14,1996,2006,,36,36,36,0,0,14.1,,,,,
Castellers de Sitges,https://ca.wikipedia.org/wiki/Castellers_de_Sitges,convencional,desapareguda,Blau marí,#ffffff,0,0,100,1971,1987,,255,255,255,0,0,100,,,,,
Castellers de Vilanova - Colla de Mar,https://ca.wikipedia.org/wiki/Castellers_de_Vilanova_-_Colla_de_Mar,convencional,desapareguda,Blau marí,#0049b2,215,100,70,"1972, Vilanova i la Geltrú",1983,,0,73,178,215.4,100,34.9,,,,,
Castellers del Collell,https://ca.wikipedia.org/w/index.php?title=Castellers_del_Collell&action=edit&redlink=1,convencional,desapareguda,Desconegut,#ffffff,0,0,100,Desconegut,,,255,255,255,0,0,100,,,,,
Colla Castellera de Sant Boi,https://ca.wikipedia.org/wiki/Colla_Castellera_de_Sant_Boi,convencional,desapareguda,Gris fosc,#ffffff,0,0,100,"1994, Sant Boi de Llobregat",2007,,255,255,255,0,0,100,,,,,
Colla Castellera La Global de Salou,https://ca.wikipedia.org/wiki/Colla_Castellera_La_Global_de_Salou,convencional,desapareguda,Blau marí,#0779f9,212,97,98,2009,2013,,7,121,249,211.7,95.3,50.2,http://www.laglobal.cat,,,,
Colla Castellera Nyerros de la Plana,https://ca.wikipedia.org/wiki/Colla_Castellera_Nyerros_de_la_Plana,convencional,desapareguda,Gris,#cccccc,0,0,80,1998,2022,,204,204,204,0,0,80,nyerrosdelaplanamanlleu.blogspot.com.es,,,,
Colla dels Xiquets de Valls,https://ca.wikipedia.org/wiki/Colla_dels_Xiquets_de_Valls,convencional,desapareguda,Vermell o rosat,#ffffff,0,0,100,"1939, Valls",1947,,255,255,255,0,0,100,,,,,
Colla Jove de Castellers de Cubelles,https://ca.wikipedia.org/w/index.php?title=Colla_Jove_de_Castellers_de_Cubelles&action=edit&redlink=1,convencional,desapareguda,Verd,#ffffff,0,0,100,Desconegut,,,255,255,255,0,0,100,,,,,
Colla Jove dels Castellers de Vilafranca,https://ca.wikipedia.org/wiki/Colla_Jove_dels_Castellers_de_Vilafranca,convencional,desapareguda,Gris,#c7bec1,340,5,78,"1984, Vilafranca del Penedès",1985,,199,190,193,340,7.4,76.3,,,,,
Colla Jove del Vendrell,https://ca.wikipedia.org/w/index.php?title=Colla_Jove_del_Vendrell&action=edit&redlink=1,convencional,desapareguda,Blau turquesa,#ffffff,0,0,100,Desconegut,,,255,255,255,0,0,100,,,,,
Colla Jove de Vilanova,https://ca.wikipedia.org/wiki/Colla_Jove_de_Vilanova,convencional,desapareguda,Rosat,#ffffff,0,0,100,"1982, Vilanova i la Geltrú",1994,,255,255,255,0,0,100,,,,,
Colla Nova del Vendrell,https://ca.wikipedia.org/wiki/Colla_Nova_del_Vendrell,convencional,desapareguda,Blau turquesa,#00b4df,192,100,87,1993,2004,,0,180,223,191.6,100,43.7,,,,,
Cos de Castellers de Ballets de Catalunya,https://ca.wikipedia.org/wiki/Cos_de_Castellers_de_Ballets_de_Catalunya,convencional,desapareguda,Vermell,#ffffff,0,0,100,"1958, Barcelona",1963,,255,255,255,0,0,100,,,,,
Ganxets de Reus,https://ca.wikipedia.org/wiki/Ganxets_de_Reus,convencional,desapareguda,Lila morat,#512884,267,70,52,"1991, Reus",2005,,81,40,132,266.7,53.5,33.7,,,,,
Joves des Raiguer,https://ca.wikipedia.org/w/index.php?title=Joves_des_Raiguer&action=edit&redlink=1,convencional,desapareguda,Blau marí,#ffffff,0,0,100,Desconegut,,,255,255,255,0,0,100,,,,,
Marrecs del Catllar,https://ca.wikipedia.org/w/index.php?title=Marrecs_del_Catllar&action=edit&redlink=1,convencional,desapareguda,Blau grisós,#ffffff,0,0,100,Desconegut,,,255,255,255,0,0,100,,,,,
Picapolls de la Gavarresa,https://ca.wikipedia.org/wiki/Picapolls_de_la_Gavarresa,convencional,desapareguda,Morat,#814997,283,52,59,"2014, Artés",desembre 2023,,129,73,151,283.1,34.8,43.9,,,,,
Vailets de l'Empordà,https://ca.wikipedia.org/wiki/Vailets_de_l%27Empord%C3%A0,convencional,desapareguda,Blau cel,#b8c5e7,223,20,91,2012,2022,,184,197,231,223.4,49.5,81.4,www.vailetsdelemporda.cat,Castelló d'Empúries,,,
Vailets de Ripollet,https://ca.wikipedia.org/wiki/Vailets_de_Ripollet,convencional,desapareguda,Groc pollet,#e7ab3a,39,75,91,"1996, Ripollet",2007,,231,171,58,39.2,78.3,56.7,,,,,
Xicots de Valls,https://ca.wikipedia.org/wiki/Xicots_de_Valls,convencional,desapareguda,Vermella amb una franja blanca horitzontal,#ffffff,0,0,100,"1988, Valls",1989,,255,255,255,0,0,100,,,,,
Xiquets de Gavà,https://ca.wikipedia.org/w/index.php?title=Xiquets_de_Gav%C3%A0&action=edit&redlink=1,convencional,desapareguda,Blau fort,#ffffff,0,0,100,(not found),,,255,255,255,0,0,100,,Gavà,,,
Xiquets de Gràcia,https://ca.wikipedia.org/wiki/Xiquets_de_Gr%C3%A0cia,convencional,desapareguda,Desconegut,#ffffff,0,0,100,dècada del 1880,1936,,255,255,255,0,0,100,,,,,
Xiquets de l'Eramprunyà,https://ca.wikipedia.org/wiki/Xiquets_de_l%27Erampruny%C3%A0,convencional,desapareguda,Blau fort,#ffffff,0,0,100,"1947, Gavà",1950,,255,255,255,0,0,100,,,,,
Xiquets de la Bisbal,https://ca.wikipedia.org/w/index.php?title=Xiquets_de_la_Bisbal&action=edit&redlink=1,convencional,desapareguda,Desconegut,#ffffff,0,0,100,Desconegut,,,255,255,255,0,0,100,,,,,
Xiquets de la Vila d'Alcover,https://ca.wikipedia.org/wiki/Xiquets_de_la_Vila_d%27Alcover,convencional,desapareguda,Granat,#721a33,343,77,45,1984,2009,2012 color camisa verd oliva,114,26,51,343,62.9,27.5,,Alcover,,,
Xiquets d'Alcover,https://ca.wikipedia.org/wiki/Xiquets_d%27Alcover,convencional,desapareguda,Verd Oliva,#449654,132,55,59,2012,2009,2012 color camisa verd oliva,68,150,84,131.7,37.6,42.7,,Alcover,,,
Los Xics Caleros,https://ca.wikipedia.org/wiki/Los_Xics_Caleros,convencional,desapareguda,Ratllada blanc i blava,#89aadd,216,38,87,"2012, l'Ametlla de Mar",2018,,137,170,221,216.4,55.3,70.2,losxicscaleros.cat,,,,
Arreplegats de la Zona Universitària,https://ca.wikipedia.org/wiki/Arreplegats_de_la_Zona_Universit%C3%A0ria,universitaria,activa,Verd sala d'operacions,#15a884,165,90,66,1995,,,21,168,132,165.3,77.8,37.1,arreplegats.cat,"Zona Universitària, Barcelona",//upload.wikimedia.org/wikipedia/ca/thumb/a/a8/Azu_escut.png/138px-Azu_escut.png,,
Bergants del Campus de Terrassa,https://ca.wikipedia.org/wiki/Bergants_del_Campus_de_Terrassa,universitaria,activa,Verd Llima,#b8da49,74,67,85,2013,,,184,218,73,74.1,66.2,57.1,,,,,
Emboirats de la UVIC,https://ca.wikipedia.org/wiki/Emboirats_de_la_UVIC,universitaria,activa,Vermell grana,#a60b0f,348,92,91,"2003, Vic",,,166,11,15,358.5,87.6,34.7,uvic.es…,,,,
Engrescats de la URL,https://ca.wikipedia.org/wiki/Engrescats_de_la_URL,universitaria,activa,Groc,#fedd19,51,90,100,2013,,,254,221,25,51.4,99.1,54.7,,,,,
Ganàpies de la UAB,https://ca.wikipedia.org/wiki/Gan%C3%A0pies_de_la_UAB,universitaria,activa,Blau «hostessa»,#316574,194,93,27,1994,,,49,101,116,193.4,40.6,32.4,ganapies.cat,Cerdanyola del Vallès,,,
Grillats del CBL,https://ca.wikipedia.org/wiki/Grillats_del_CBL,universitaria,activa,Vi,#741e38,342,74,45,2015,,,116,30,56,341.9,58.9,28.6,,Campus del Baix Llobregat,,,
Llunàtics de la UPC de Vilanova,https://ca.wikipedia.org/wiki/Llun%C3%A0tics_de_la_UPC_de_Vilanova,universitaria,activa,Blau mecànic,#0c1374,209,99,60,2013,,,12,19,116,236,81.2,25.1,llunaticsupcvilanova.cat,,,,
Marracos de la UdL,https://ca.wikipedia.org/wiki/Marracos_de_la_UdL,universitaria,activa,Gris boira,#8b8a92,247,5,57,5 d'abril de 2001,,,139,138,146,247.5,3.5,55.7,,,,,
Passerells del Tecnocampus,https://ca.wikipedia.org/wiki/Passerells_del_Tecnocampus,universitaria,activa,Malva,#d59de4,276,23,78,2011,,,213,157,228,287.3,56.8,75.5,passerells.micd.tecnocampus.cat,,,,
Pataquers de la URV,https://ca.wikipedia.org/wiki/Pataquers_de_la_URV,universitaria,activa,Taronja,#ff8000,27,95,100,2007,,,255,128,0,30.1,100,50,,,,,
Penjats del Campus de Manresa,https://ca.wikipedia.org/wiki/Penjats_del_Campus_de_Manresa,universitaria,activa,Vermell,#e10715,356,97,89,2013,,,225,7,21,356.1,94,45.5,,,,,
Trempats de la UPF,https://ca.wikipedia.org/wiki/Trempats_de_la_UPF,universitaria,activa,Marró avellana,#a06e53,25,52,63,2014,,,160,110,83,21,31.7,47.6,trempats.cat,,,,
Xoriguers de la UdG,https://ca.wikipedia.org/wiki/Xoriguers_de_la_UdG,universitaria,activa,Blau elèctric,#02b1ea,195,99,92,1998,,,2,177,234,194.7,98.3,46.3,,,,,
Gambirots de la UIB,https://ca.wikipedia.org/wiki/Gambirots_de_la_UIB,universitaria,activa,Blau fluix,#c6d6f1,218,18,95,Desconegut,,,198,214,241,217.7,60.6,86.1,,,,,
Mangoners de la Universitat de Perpinyà,https://ca.wikipedia.org/wiki/Mangoners_de_la_Universitat_de_Perpiny%C3%A0,universitaria,desapareguda,Morat o Taronja,#ff6b21,20,87,100,2008 camisa morada,desconegut,,255,107,33,20,100,56.5,,,,,#beb4f5
Mineyuetts de la Salle,https://ca.wikipedia.org/w/index.php?title=Minyeuetts_de_la_Salle,universitaria,desapareguda,Blanc Provisional,#fefefe,0,0,100,1990-1991,1992,,254,254,254,0,0,99.6,,,,,
Castellers de Berlin,https://ca.wikipedia.org/wiki/Castellers_de_Berlin,internacional,activa,Groc,#fcbf43,40,73,99,2018,,,252,191,67,40.2,96.9,62.5,,Berlín,,,
Castellers de Lausanne,https://ca.wikipedia.org/wiki/Castellers_de_Lausanne,internacional,activa,Verd,#15a850,144,87,66,2023,,,21,168,80,144.1,77.8,37.1,www.catalansasuissa.org/castellers/,Lausanne,,,
Castellers de Lo Prado,https://ca.wikipedia.org/wiki/Castellers_de_Lo_Prado,internacional,activa,Verd,#03a5a8,181,98,66,2007,,,3,165,168,181.1,96.5,33.5,castellersdeloprado.es.tl,,,,
Castellers de Mont-real,https://ca.wikipedia.org/wiki/Castellers_de_Mont-real,internacional,activa,Beix,#bcad8c,41,26,74,2007,,,188,173,140,41.2,26.4,64.3,castellersdemontreal.info,,,,
Castellers de París,https://ca.wikipedia.org/wiki/Castellers_de_Par%C3%ADs,internacional,activa,Blau,#2b6cb0,211,76,69,2015,,,43,108,176,210.7,60.7,42.9,castellersdeparis.fr,,,,
Castellers d'Estocolm,https://ca.wikipedia.org/w/index.php?title=Castellers_d%27Estocolm&action=edit&redlink=1,internacional,activa,Groc,#ffde59,48,65,100,Desconegut,,,255,222,89,48.1,100,67.5,,,,,
Castellers de Sydney,https://ca.wikipedia.org/wiki/Castellers_de_Sydney,internacional,activa,Daurat,#f8c624,46,85,97,2016,,,248,198,36,45.8,93.8,55.7,sydneyhumantowers.com,Sydney,,,
Castellers de Tokyo,https://ca.wikipedia.org/w/index.php?title=Castellers_de_Tokyo&action=edit&redlink=1,internacional,activa,Granat,#a02c4c,343,72,63,2024,,,160,44,76,343.4,56.9,40,gainful-country-5eb.notion.site/Castellers-de-Tokyo-121814d207aa80d994c5d2f3245f80a2,Tòquio,,,
Castellers de Tolosa,https://ca.wikipedia.org/w/index.php?title=Castellers_de_Tolosa&action=edit&redlink=1,internacional,activa,Vermell Totxo,#d8583f,10,71,85,Desconegut,,,216,88,63,9.8,66.2,54.7,,,,,
Castellers de Zürich,https://ca.wikipedia.org/w/index.php?title=Castellers_de_Z%C3%BCrich&action=edit&redlink=1,internacional,activa,Blanc Provisional,#fefefe,0,0,99,Desconegut,,,254,254,254,0,0,99.6,,,,,
Castellers of London,https://ca.wikipedia.org/wiki/Castellers_of_London,internacional,activa,Vermell,#cf1817,0,89,81,2015,,,207,24,23,0.3,80,45.1,,,,,
Colla Castellera d'Edinburgh,https://ca.wikipedia.org/wiki/Colla_Castellera_d%27Edinburgh,internacional,activa,Blau marí,#010080,240,100,50,2016,,,1,0,128,240.5,100,25.1,,,,,
Colla Castellera de Madrid,https://ca.wikipedia.org/wiki/Castellers_de_Madrid,internacional,activa,Vermell,#c80000,0,100,78,21 gener 2017,,,200,0,0,0,100,39.2,cerclecatala-madrid.net,,,,
Euskal Herriko Casteller Taldea,https://ca.wikipedia.org/w/index.php?title=Euskal_Herriko_Casteller_Taldea&action=edit&redlink=1,internacional,activa,Morat,#592744,325,56,35,Desconegut,,,89,39,68,325.2,39.1,25.1,,,,,
Koales de Melbourne,https://ca.wikipedia.org/wiki/Koales_de_Melbourne,internacional,activa,Blau naval,#023866,208,98,40,2014,,,2,56,102,207.6,96.2,20.4,,Melbourne,,,
Mannekes de Brussel·les,https://ca.wikipedia.org/wiki/Mannekes_de_Brussel%C2%B7les,internacional,activa,Groc,#F9F20E,58,94,98,2024,,,249,242,14,58.2,95.1,51.6,,Brussel·les,,,
Mataresos de l'Alguer,https://ca.wikipedia.org/wiki/Mataresos_de_l%27Alguer,internacional,activa,Vermell,#fe4040,0,75,100,2023,,,254,64,64,0,99,62.4,,L'Alguer,,,
Xiquets de Copenhagen,https://ca.wikipedia.org/wiki/Xiquets_Copenhagen,internacional,activa,Blau marí,#2d3a66,226,56,40,2014,,,45,58,102,226.3,38.8,28.8,,,,,
Califòrnia Kids,https://ca.wikipedia.org/wiki/Calif%C3%B2rnia_Kids,internacional,desapareguda,Taronja Llampant,#ff6600,24,100,100,2005,Desconegut,,255,102,0,24,100,50,,"Irvine, Califòrnia",,,
Castellers de Cerro Navia,https://ca.wikipedia.org/w/index.php?title=Castellers_de_Cerro_Navia&action=edit&redlink=1,internacional,desapareguda,Vermell,#fa0100,0,100,98,Desconegut,,,250,1,0,0.2,100,49,,,,,
Castellers de la Usach,https://ca.wikipedia.org/w/index.php?title=Castellers_de_la_Usach&action=edit&redlink=1,internacional,desapareguda,Blau,#06429d,216,96,62,Desconegut,,,6,66,157,216.2,92.6,32,,,,,
Castellers de Talca,https://ca.wikipedia.org/w/index.php?title=Castellers_de_Talca&action=edit&redlink=1,internacional,desapareguda,Desconegut,#ffffff,0,0,100,Desconegut,,,255,255,255,0,0,100,,,,,
Castellers do Brasil,https://ca.wikipedia.org/w/index.php?title=Castellers_do_Brasil&action=edit&redlink=1,internacional,desapareguda,Desconegut,#ffffff,0,0,100,Desconegut,,,255,255,255,0,0,100,,,,,
Colla Castellera de Castelar,https://ca.wikipedia.org/w/index.php?title=Colla_Castellera_Les_Quatre_Barres&action=edit&redlink=1,internacional,desapareguda,Blau Cel,#ffffff,0,0,100,Desconegut,,,255,255,255,0,0,100,,,,,
Colla Castellera del Casal Virolai de Querétaro,https://ca.wikipedia.org/w/index.php?title=Colla_Castellera_del_Casal_Virolai_de_Quer%C3%A9taro&action=edit&redlink=1,internacional,desapareguda,Lila,#ffffff,0,0,100,Desconegut,,,255,255,255,0,0,100,,,,,
Xiquets de Hangzhou,https://ca.wikipedia.org/wiki/Xiquets_de_Hangzhou,internacional,desapareguda,Rosat,#d77577,359,46,84,2010,2020,,215,117,119,358.8,55.1,65.1,,Deqing,,,
Xiquets de l'Alster,https://ca.wikipedia.org/wiki/Xiquets_de_l%27Alster,internacional,desapareguda,Blau-verd clar,#70cbba,169,45,80,2013,,,112,203,186,168.8,46.7,61.8,,Hamburg,,,
Descargolats de l'EEBE,Nul,universitaria,formacio,Rosa,#ea4e97,332,67,92,2024,,,234,78,151,331.9,78.8,61.2,,,,,
